ticker,quarter,call_datetime,is_after_hours,day_0_date,lm_positive,lm_negative,lm_uncertainty,lm_net_sentiment,finbert_positive,finbert_negative,finbert_net_sentiment,qa_lm_positive,qa_lm_negative,qa_lm_net_sentiment,qa_lm_uncertainty,eps_surprise_pct,eps_beat,return_1d,return_5d,implied_move,realized_move,lm_net_sentiment_qoq,lm_uncertainty_qoq,finbert_net_sentiment_qoq,qa_lm_net_sentiment_qoq,qa_lm_uncertainty_qoq,label,signal,pnl,baseline_pnl
AAPL,2023-Q2,2023-05-04 16:00:00,True,2023-05-04,0.0137844611528822,0.0175438596491228,0.0225563909774436,-0.0037593984962406,0.242471233010292,0.0983318835496902,0.1441393494606018,0.0137844611528822,0.0175438596491228,-0.0037593984962406,0.0225563909774436,0.0637,1,0.0469270232505808,0.048012545220356,0.0147302595241101,0.0469270232505808,0.0,0.0,0.0,0.0,0.0,0,0,0.0,0.012196763726470699
AAPL,2023-Q3,2023-08-03 16:00:00,True,2023-08-03,0.0155440414507772,0.0168393782383419,0.0194300518134715,-0.0012953367875647,0.180321604013443,0.1048948466777801,0.0754267573356628,0.0155440414507772,0.0168393782383419,-0.0012953367875647,0.0194300518134715,0.0566,1,-0.0480201289124355,-0.0690485545484323,0.0117018918860587,0.0480201289124355,0.0024640617086759,-0.0031263391639721,-0.068712592124939,0.0024640617086758,-0.0031263391639721,1,1,0.0163182370263768,0.0163182370263768
AMD,2023-Q1,2023-01-31 16:00:00,True,2023-01-31,0.0132219902574808,0.0153096729297146,0.0205288796102992,-0.0020876826722338,0.2745824754238128,0.2596063911914825,0.0149760842323303,0.0132219902574808,0.0153096729297146,-0.0020876826722338,0.0205288796102992,0.0250999999999999,1,0.1262807407994732,0.1431803315735811,0.038543388000309,0.1262807407994732,0.0,0.0,0.0,0.0,0.0,1,0,0.0,0.06773735279916421
AMD,2023-Q2,2023-05-02 16:00:00,True,2023-05-02,0.0145951035781544,0.0225988700564971,0.025894538606403,-0.0080037664783427,0.2665510475635528,0.0818574652075767,0.1846935823559761,0.0145951035781544,0.0225988700564971,-0.0080037664783427,0.025894538606403,0.065,1,-0.0922033208527271,0.0572794315061822,0.0232820270522064,0.0922033208527271,-0.0059160838061088,0.0053656589961037,0.1697174981236458,-0.0059160838061089,0.0053656589961037,1,1,0.048921293800520696,0.048921293800520696
AMD,2023-Q3,2023-08-01 16:00:00,True,2023-08-01,0.0150019739439399,0.0213185945519147,0.0213185945519147,-0.0063166206079747,0.2909194231033325,0.1188762262463569,0.1720431968569755,0.0150019739439399,0.0213185945519147,-0.0063166206079747,0.0213185945519147,0.0105,1,-0.070153062134737,-0.0371598229072184,0.026818900178786,0.070153062134737,0.0016871458703679,-0.0045759440544882,-0.0126503854990006,0.001687145870368,-0.0045759440544882,0,0,0.0,0.023334161955951
AMD,2023-Q4,2023-10-31 16:00:00,True,2023-10-31,0.0148844496670583,0.0164512338425381,0.0235017626321974,-0.0015667841754798,0.3282274305820465,0.1020514219999313,0.2261760085821151,0.0148844496670583,0.0164512338425381,-0.0015667841754798,0.0235017626321974,0.0359,1,0.0968528011728664,0.1517766187638802,0.0311121672982326,0.0968528011728664,0.0047498364324949,0.0021831680802827,0.0541328117251395,0.0047498364324949,0.0021831680802826,1,0,0.0,0.0457406338746338
AMD,2024-Q1,2024-01-30 16:00:00,True,2024-01-30,0.0143426294820717,0.0159362549800796,0.0207171314741035,-0.0015936254980079,0.2748929262161255,0.120026059448719,0.1548668667674064,0.0143426294820717,0.0159362549800796,-0.0015936254980079,0.0207171314741035,-0.0001,1,-0.0253980889177877,-0.024293808759109,0.0392061357748845,0.0253980889177877,-2.6841322528100035e-05,-0.0027846311580939,-0.0713091418147086,-2.6841322528139283e-05,-0.0027846311580938,0,0,0.0,-0.02
AMD,2024-Q2,2024-04-30 16:00:00,True,2024-04-30,0.0163020163020163,0.024024024024024,0.0231660231660231,-0.0077220077220077,0.2832221984863281,0.1232084110379219,0.1600137874484062,0.0163020163020163,0.024024024024024,-0.0077220077220077,0.0231660231660231,0.0204,1,-0.0890895326136133,-0.0249400939844263,0.0344302155317997,0.0890895326136133,-0.0061283822239997,0.0024488916919195,0.0051469206809997,-0.0061283822239997,0.0024488916919195,1,1,0.03465931708181359,0.03465931708181359
AMD,2024-Q3,2024-07-30 16:00:00,True,2024-07-30,0.0130526315789473,0.0206315789473684,0.0227368421052631,-0.007578947368421,0.3053313195705414,0.1071231812238693,0.198208138346672,0.0130526315789473,0.0206315789473684,-0.007578947368421,0.0227368421052631,0.0126,1,0.0436289596909621,-0.0596649062406726,0.0401428663499061,0.0436289596909621,0.0001430603535866,-0.0004291810607599,0.0381943508982658,0.0001430603535866,-0.00042918106076,0,0,0.0,-0.016513906658944002
AMD,2024-Q4,2024-10-29 16:00:00,True,2024-10-29,0.0158399333055439,0.0133388912046686,0.0229262192580241,0.0025010421008753,0.2792898714542389,0.0918217673897743,0.1874681040644645,0.0158399333055439,0.0133388912046686,0.0025010421008753,0.0229262192580241,0.0046,1,-0.1061653768209586,-0.1479097524083646,0.0306454124607354,0.1061653768209586,0.0100799894692963,0.0001893771527609,-0.0107400342822074,0.0100799894692964,0.000189377152761,1,1,0.05551996436022319,0.05551996436022319
AMD,2025-Q1,2025-02-04 16:00:00,True,2025-02-04,0.0177059276366435,0.018860662047729,0.0215550423402617,-0.0011547344110854,0.3053842782974243,0.1317472606897354,0.1736370176076889,0.0177059276366435,0.018860662047729,-0.0011547344110854,0.0215550423402617,0.0036,1,-0.0626778063913767,-0.0702928997981498,0.0335141580691928,0.0626778063913767,-0.0036557765119607,-0.0013711769177623,-0.0138310864567756,-0.0036557765119608,-0.0013711769177624,0,0,0.0,0.009163648322183898
AMD,2025-Q2,2025-05-06 16:00:00,True,2025-05-06,0.016595744680851,0.02,0.0238297872340425,-0.0034042553191489,0.2844037711620331,0.1254646927118301,0.1589390784502029,0.016595744680851,0.02,-0.0034042553191489,0.0238297872340425,0.0283,1,0.017643457871733,0.1403366046688766,0.0744036676422739,0.017643457871733,-0.0022495209080635,0.0022747448937807,-0.014697939157486,-0.0022495209080634,0.0022747448937808,0,0,0.0,-0.02
AMD,2025-Q3,2025-08-05 16:00:00,True,2025-08-05,0.0120891575368341,0.0185115224782772,0.0238005289006422,-0.0064223649414431,0.2654278576374054,0.1124828681349754,0.1529449895024299,0.0120891575368341,0.0185115224782772,-0.0064223649414431,0.0238005289006422,-0.0055,1,-0.0641959875975832,0.0036716160783222,0.0327989812227261,0.0641959875975832,-0.0030181096222942,-2.925833340029771e-05,-0.0059940889477729,-0.0030181096222942,-2.925833340031853e-05,0,0,0.0,0.011397006374857101
AMD,2025-Q4,2025-11-04 16:00:00,True,2025-11-04,0.0098648154914139,0.021191085129704,0.0237486298867373,-0.01132626963829,0.2921762466430664,0.0953083261847496,0.1968679204583168,0.0098648154914139,0.021191085129704,-0.01132626963829,0.0237486298867373,0.0248,1,0.025114910793294,-0.0501099725109914,0.0709137066610078,0.025114910793294,-0.0049039046968469,-5.189901390490262e-05,0.0439229309558868,-0.0049039046968469,-5.189901390493384e-05,0,0,0.0,-0.02
AMD,2026-Q1,2026-02-03 16:00:00,True,2026-02-03,0.0110456553755522,0.0268777614138438,0.0250368188512518,-0.0158321060382916,0.2825300991535187,0.1153459027409553,0.1671841964125633,0.0110456553755522,0.0268777614138438,-0.0158321060382916,0.0250368188512518,0.1598,1,-0.1731444304789821,-0.1178802743140904,0.0370330053882926,0.1731444304789821,-0.0045058364000016,0.0012881889645145,-0.0296837240457535,-0.0045058364000015,0.0012881889645145,1,0,0.0,0.11611142509068949
AMZN,2023-Q1,2023-02-02 16:00:00,True,2023-02-02,0.0091863517060367,0.0301837270341207,0.0,-0.0209973753280839,0.0342426262795925,0.0817333757877349,-0.0474907495081424,0.0091863517060367,0.0301837270341207,-0.0209973753280839,0.0,-0.8168000000000001,0,-0.0843149762083984,-0.1299265372644997,0.0319799700595219,0.0843149762083984,0.0,0.0,0.0,0.0,0.0,1,0,0.0,0.032335006148876494
AMZN,2023-Q2,2023-04-27 16:00:00,True,2023-04-27,0.0078740157480314,0.0275590551181102,0.0,-0.0196850393700787,0.0338694229722023,0.0798995047807693,-0.046030081808567,0.0078740157480314,0.0275590551181102,-0.0196850393700787,0.0,0.4682,1,-0.0397924126636832,-0.052995808696023,0.0269547088166189,0.0397924126636832,0.0013123359580051,0.0,0.0014606676995754,0.0013123359580052,0.0,0,0,0.0,-0.007162296152935701
CVX,2023-Q1,2023-01-27 06:00:00,False,2023-01-26,0.005688282138794,0.0324232081911262,0.0147895335608646,-0.0267349260523321,0.075502261519432,0.0928823873400688,-0.0173801258206367,0.005688282138794,0.0324232081911262,-0.0267349260523321,0.0147895335608646,-0.0482,0,-0.0444113135345795,-0.1000052863852684,0.0200557123666298,0.0444113135345795,0.0,0.0,0.0,0.0,0.0,1,1,0.0043556011679497,0.0043556011679497
CVX,2023-Q2,2023-04-28 06:00:00,False,2023-04-27,0.0065075921908893,0.0390455531453362,0.0173535791757049,-0.0325379609544468,0.0637505427002906,0.1376208513975143,-0.0738703086972236,0.0065075921908893,0.0390455531453362,-0.0325379609544468,0.0173535791757049,0.0506,1,0.0097632506410165,-0.0642706949834314,0.016742504683106,0.0097632506410165,-0.0058030349021146,0.0025640456148402,-0.0564901828765868,-0.0058030349021146,0.0025640456148403,0,0,0.0,-0.02
CVX,2023-Q3,2023-07-23 16:00:00,True,2023-07-21,0.0099601593625498,0.0371845949535192,0.0192563081009296,-0.0272244355909694,0.0859026461839675,0.1200525909662246,-0.034149944782257,0.0099601593625498,0.0371845949535192,-0.0272244355909694,0.0192563081009296,0.0352,1,0.019723850737597,0.0011343238594082,0.0146441031996653,0.019723850737597,0.0053135253634773,0.0019027289252247,0.0397203639149666,0.0053135253634773,0.0019027289252246,0,1,-0.014920252462068302,-0.014920252462068302
CVX,2023-Q4,2023-10-27 03:00:00,False,2023-10-26,0.0086666666666666,0.0373333333333333,0.02,-0.0286666666666666,0.0637108087539672,0.1278850883245468,-0.0641742795705795,0.0086666666666666,0.0373333333333333,-0.0286666666666666,0.02,-0.1707,0,-0.0672052359404945,-0.0387076533638196,0.018378983170945,0.0672052359404945,-0.0014422310756972,0.0007436918990703,-0.0300243347883225,-0.0014422310756972,0.0007436918990703,1,1,0.028826252769549508,0.028826252769549508
CVX,2024-Q1,2024-02-02 06:00:00,False,2024-02-01,0.0088135593220338,0.039322033898305,0.0203389830508474,-0.0305084745762711,0.0656210109591484,0.1338833570480346,-0.0682623460888862,0.0088135593220338,0.039322033898305,-0.0305084745762711,0.0203389830508474,0.0726,1,0.0294139285817032,0.0417202014115547,0.0149813993612592,0.0294139285817032,-0.0018418079096045,0.0003389830508474,-0.0040880665183067,-0.0018418079096045,0.0003389830508474,1,1,-0.005567470779556003,-0.005567470779556003
CVX,2024-Q2,2024-04-26 03:00:00,False,2024-04-25,0.0100468854655056,0.0388479571332886,0.0241125251172136,-0.0288010716677829,0.0649824887514114,0.1309390813112259,-0.0659565925598144,0.0100468854655056,0.0388479571332886,-0.0288010716677829,0.0241125251172136,0.0059,1,0.0036906207425205,-0.0275291843675821,0.0098713667662673,0.0036906207425205,0.0017074029084882,0.0037735420663661,0.0023057535290718,0.0017074029084881,0.0037735420663662,0,0,0.0,-0.02
CVX,2024-Q3,2024-08-02 06:00:00,False,2024-08-01,0.0086724482988659,0.038692461641094,0.0226817878585723,-0.0300200133422281,0.0641767084598541,0.1391970664262771,-0.075020357966423,0.0086724482988659,0.038692461641094,-0.0300200133422281,0.0226817878585723,-0.149,0,-0.0266674392949917,-0.0532693778367248,0.01905967017971,0.0266674392949917,-0.0012189416744452,-0.0014307372586413,-0.0090637654066086,-0.0012189416744451,-0.0014307372586412,0,0,0.0,-0.012392230884718303
CVX,2024-Q4,2024-11-01 06:00:00,False,2024-10-31,0.0097276264591439,0.0382619974059662,0.0226977950713359,-0.0285343709468223,0.0633462518453598,0.1671689003705978,-0.103822648525238,0.0097276264591439,0.0382619974059662,-0.0285343709468223,0.0226977950713359,0.0385999999999999,1,0.0285580206683076,0.0534202691599029,0.0140493562903815,0.0285580206683076,0.0014856423954058,1.6007212763600315e-05,-0.0288022905588149,0.0014856423954058,1.6007212763544804e-05,1,1,-0.005491335622073901,-0.005491335622073901
CVX,2025-Q1,2025-01-31 06:00:00,False,2025-01-30,0.0094876660341555,0.0398481973434535,0.0221378874130297,-0.0303605313092979,0.0624573677778244,0.1613542884588241,-0.0988969206809997,0.0094876660341555,0.0398481973434535,-0.0303605313092979,0.0221378874130297,-0.0227999999999999,0,-0.0456116788670477,-0.0282753320175843,0.0158261721196384,0.0456116788670477,-0.0018261603624755,-0.0005599076583061,0.0049257278442382,-0.0018261603624756,-0.0005599076583061,1,1,0.0097855067474093,0.0097855067474093
CVX,2025-Q2,2025-05-02 06:00:00,False,2025-05-01,0.010178117048346,0.0381679389312977,0.0235368956743002,-0.0279898218829516,0.0634364634752273,0.1495108753442764,-0.086074411869049,0.010178117048346,0.0381679389312977,-0.0279898218829516,0.0235368956743002,0.0131,1,0.0164391810917177,0.0057242647106148,0.0362393038057028,0.0164391810917177,0.0023707094263463,0.0013990082612705,0.0128225088119506,0.0023707094263462,0.0013990082612705,0,0,0.0,-0.02
CVX,2025-Q3,2025-08-01 06:00:00,False,2025-07-31,0.0096092248558616,0.0371556694426649,0.0179372197309417,-0.0275464445868033,0.0639159381389617,0.1375589817762375,-0.0736430436372757,0.0096092248558616,0.0371556694426649,-0.0275464445868033,0.0179372197309417,0.0171,1,-0.0015828378653962,0.0100237394513403,0.0174516073993717,0.0015828378653962,0.0004433772961482,-0.0055996759433585,0.0124313682317733,0.0004433772961483,-0.0055996759433585,0,0,0.0,-0.02
CVX,2025-Q4,2025-10-31 06:00:00,False,2025-10-30,0.0095298602287166,0.0374841168996188,0.0177890724269377,-0.0279542566709021,0.0642794221639633,0.1407990008592605,-0.0765195786952972,0.0095298602287166,0.0374841168996188,-0.0279542566709021,0.0177890724269377,0.0839,1,0.0273580032414647,-0.0037780215698472,0.0126102287100096,0.0273580032414647,-0.0004078120840988,-0.000148147304004,-0.0028765350580215,-0.0004078120840988,-0.0001481473040039,0,0,0.0,-0.0052522254685449
CVX,2026-Q1,2026-01-30 06:00:00,False,2026-01-29,0.0087445346658338,0.0387257963772642,0.0174890693316677,-0.0299812617114303,0.0631460770964622,0.1358702778816223,-0.07272420078516,0.0087445346658338,0.0387257963772642,-0.0299812617114303,0.0174890693316677,0.052,1,0.0333547186596512,0.0469652727862182,0.0203410587104505,0.0333547186596512,-0.0020270050405281,-0.00030000309527,0.0037953779101372,-0.0020270050405281,-0.00030000309527,1,1,-0.006986340050799299,-0.006986340050799299
GOOGL,2023-Q1,2023-02-02 16:00:00,True,2023-02-02,0.0147058823529411,0.0141612200435729,0.0174291938997821,0.0005446623093681,0.1536849290132522,0.1538298279047012,-0.0001448988914489,0.0147058823529411,0.0141612200435729,0.0005446623093681,0.0174291938997821,-0.1186999999999999,0,-0.0274734921340858,-0.1181547510887705,0.0288371188201517,0.0274734921340858,0.0,0.0,0.0,0.0,0.0,0,0,0.0,-0.02
GOOGL,2023-Q3,2023-07-25 16:00:00,True,2023-07-25,0.0178837555886736,0.0119225037257824,0.0158966716343765,0.0059612518628912,0.1877196431159973,0.1246735602617263,0.0630460828542709,0.0178837555886736,0.0119225037257824,0.0059612518628912,0.0158966716343765,0.0723,1,0.0577692307498632,0.0764257376658305,0.0200869036827822,0.0577692307498632,0.0054165895535231,-0.0015325222654055,0.0631909817457198,0.005416589553523,-0.0015325222654055,1,1,0.017682327067080995,0.017682327067080995
GS,2025-Q3,2025-07-16 07:00:00,False,2025-07-15,0.0046656298600311,0.0119232763089683,0.0160705028512182,-0.0072576464489372,0.2661478519439697,0.2695558965206146,-0.0034080445766448,0.0046656298600311,0.0119232763089683,-0.0072576464489372,0.0160705028512182,0.1291,1,0.0089820261528745,-0.0029893613256926,0.0162346499860938,0.0089820261528745,0.0,0.0,0.0,0.0,0.0,0,0,0.0,-0.02
GS,2025-Q4,2025-10-14 07:00:00,False,2025-10-13,0.0083507306889352,0.0020876826722338,0.0041753653444676,0.0062630480167014,0.0248746424913406,0.0337730534374713,-0.0088984109461307,0.0083507306889352,0.0020876826722338,0.0062630480167014,0.0041753653444676,0.1049,1,-0.0203615054770968,-0.0298177989699261,0.0171967519661362,0.0203615054770968,0.0135206944656386,-0.0118951375067506,-0.0054903663694859,0.0135206944656387,-0.0118951375067506,1,1,-0.016835246489039397,-0.016835246489039397
GS,2026-Q1,2026-01-15 07:00:00,False,2026-01-14,0.0038910505836575,0.0151750972762645,0.0120622568093385,-0.011284046692607,0.3573409914970398,0.242549642920494,0.1147913485765457,0.0038910505836575,0.0151750972762645,-0.011284046692607,0.0120622568093385,0.2022,1,0.0463078849384051,0.0235667478703683,0.0194914732686467,0.0463078849384051,-0.0175470947093084,0.0078868914648708,0.1236897595226764,-0.0175470947093084,0.0078868914648708,1,1,0.006816411669758396,0.006816411669758396
GS,2026-Q2,2026-04-13 07:00:00,False,2026-04-10,0.0041128084606345,0.0123384253819036,0.0182138660399529,-0.008225616921269,0.2349303811788559,0.2401755452156067,-0.0052451640367507,0.0041128084606345,0.0123384253819036,-0.008225616921269,0.0182138660399529,0.0706,1,-0.0187376184119362,0.0199934177771786,0.0300394285701631,0.0187376184119362,0.003058429771338,0.0061516092306144,-0.1200365126132964,0.0030584297713379,0.0061516092306144,0,1,-0.02,-0.02
META,2024-Q2,2024-04-24 16:00:00,True,2024-04-24,0.0086580086580086,0.0115440115440115,0.0202020202020202,-0.0028860028860028,0.2643497586250305,0.1272279322147369,0.1371218264102935,0.0086580086580086,0.0115440115440115,-0.0028860028860028,0.0202020202020202,0.0892,1,-0.1056130265253294,-0.1100507348999219,0.0209905254806029,0.1056130265253294,0.0,0.0,0.0,0.0,0.0,1,1,0.0646225010447265,0.0646225010447265
META,2024-Q3,2024-07-31 16:00:00,True,2024-07-31,0.0063202247191011,0.0112359550561797,0.0203651685393258,-0.0049157303370786,0.2473258972167968,0.1224654540419578,0.124860443174839,0.0063202247191011,0.0112359550561797,-0.0049157303370786,0.0203651685393258,0.0844999999999999,1,0.0482488336633095,0.0296737437655965,0.031193437027269,0.0482488336633095,-0.0020297274510758,0.0001631483373055,-0.0122613832354544,-0.0020297274510757,0.0001631483373056,0,0,0.0,-0.0029446033639594985
META,2024-Q4,2024-10-30 16:00:00,True,2024-10-30,0.006423982869379,0.0114204139900071,0.0214132762312633,-0.0049964311206281,0.2727071046829223,0.0890220925211906,0.1836850121617317,0.006423982869379,0.0114204139900071,-0.0049964311206281,0.0214132762312633,0.1394,1,-0.0409258698878286,-0.0333726444424178,0.0172017986419962,0.0409258698878286,-8.070078354949998e-05,0.0010481076919374,0.0588245689868926,-8.070078354947136e-05,0.0010481076919375,0,0,0.0,0.0037240712458323985
META,2025-Q1,2025-01-29 16:00:00,True,2025-01-29,0.0083226632522407,0.0115236875800256,0.0204865556978233,-0.0032010243277848,0.2674032747745514,0.1077463924884796,0.1596568822860717,0.0083226632522407,0.0115236875800256,-0.0032010243277848,0.0204865556978233,0.1867,1,0.0155361018613465,0.0419517687683661,0.0232031276534921,0.0155361018613465,0.0017954067928433,-0.0009267205334399,-0.0240281298756599,0.0017954067928432,-0.00092672053344,0,0,0.0,-0.02
META,2025-Q2,2025-04-30 16:00:00,True,2025-04-30,0.0065502183406113,0.0109170305676855,0.0232896652110625,-0.0043668122270742,0.2468159347772598,0.1161622181534767,0.1306537166237831,0.0065502183406113,0.0109170305676855,-0.0043668122270742,0.0232896652110625,0.2311,1,0.042276984726282,0.0870856302682293,0.051813942142962,0.042276984726282,-0.0011657878992894,0.0028031095132391,-0.0290031656622885,-0.0011657878992893,0.0028031095132392,0,0,0.0,-0.02
META,2025-Q4,2026-01-28 16:00:00,True,2026-01-28,0.0391657010428736,0.0113557358053302,0.0146002317497103,0.0278099652375434,0.3506474792957306,0.0470158644020557,0.3036316148936748,0.0391657010428736,0.0113557358053302,0.0278099652375434,0.0146002317497103,0.08,1,0.104048022220316,0.0003888701472417,0.0210730052397345,0.104048022220316,0.0321767774646176,-0.0086894334613521,0.1729778982698916,0.0321767774646176,-0.0086894334613522,1,1,0.0629750169805815,0.0629750169805815
META,2026-Q1,2026-01-28 16:00:00,True,2026-01-28,0.0072083879423328,0.0124508519003931,0.0203145478374836,-0.0052424639580602,0.2655305564403534,0.1018084362149238,0.1637221202254295,0.0072083879423328,0.0124508519003931,-0.0052424639580602,0.0203145478374836,0.08,1,0.104048022220316,0.0003888701472417,0.0210730052397345,0.104048022220316,-0.0330524291956036,0.0057143160877732,-0.1399094946682453,-0.0330524291956037,0.0057143160877733,1,1,0.0629750169805815,0.0629750169805815
MSFT,2023-Q3,2023-07-25 16:00:00,True,2023-07-25,0.0095833333333333,0.0233333333333333,0.02,-0.01375,0.4628207087516784,0.2198536545038223,0.2429670542478561,0.0095833333333333,0.0233333333333333,-0.01375,0.02,0.0559,1,-0.0376374961032594,-0.0417117770824581,0.0194887599023191,0.0376374961032594,0.0,0.0,0.0,0.0,0.0,0,0,0.0,-0.0018512637990596992
NVDA,2023-Q1,2023-02-22 16:00:00,True,2023-02-22,0.0187121629058888,0.0093560814529444,0.0099064391854705,0.0093560814529444,0.3097289502620697,0.1910780072212219,0.1186509430408477,0.0187121629058888,0.0093560814529444,0.0093560814529444,0.0099064391854705,0.0944999999999999,1,0.1402139526163007,0.0936687384074654,0.044585598994933,0.1402139526163007,0.0,0.0,0.0,0.0,0.0,1,1,0.0756283536213677,0.0756283536213677
NVDA,2023-Q2,2023-05-24 16:00:00,True,2023-05-24,0.0099812850904553,0.008109794135995,0.014971927635683,0.0018714909544603,0.3117915391921997,0.1088624149560928,0.2029291242361068,0.0099812850904553,0.008109794135995,0.0018714909544603,0.014971927635683,0.188,1,0.2436965607260816,0.3023119679905878,0.0263998009829366,0.2436965607260816,-0.0074845904984841,0.0050654884502125,0.0842781811952591,-0.007484590498484,0.0050654884502125,1,1,0.197296759743145,0.197296759743145
NVDA,2023-Q3,2023-08-23 16:00:00,True,2023-08-23,0.0111228813559322,0.0068855932203389,0.0100635593220338,0.0042372881355932,0.3397891819477081,0.060583870857954,0.2792053110897541,0.0111228813559322,0.0068855932203389,0.0042372881355932,0.0100635593220338,0.2935,1,0.000997364264995,0.0455896510067754,0.0378961135899763,0.000997364264995,0.0023657971811329,-0.0049083683136492,0.0762761868536473,0.0023657971811328,-0.0049083683136491,0,0,0.0,-0.02
NVDA,2024-Q4,2024-11-20 16:00:00,True,2024-11-20,0.0139732685297691,0.0060753341433778,0.0127582017010935,0.0078979343863912,0.4241877794265747,0.0332806780934333,0.3909071013331413,0.0139732685297691,0.0060753341433778,0.0078979343863912,0.0127582017010935,0.0852,1,0.0053465131260988,-0.072314891186875,0.0302056825277133,0.0053465131260988,0.003660646250798,0.0026946423790596,0.1117017902433872,0.003660646250798,0.0026946423790596,0,0,0.0,-0.02
NVDA,2025-Q1,2025-02-26 16:00:00,True,2025-02-26,0.0136286201022146,0.0034071550255536,0.0102214650766609,0.0102214650766609,0.4826038479804992,0.0448199212551116,0.4377839267253876,0.0136286201022146,0.0034071550255536,0.0102214650766609,0.0102214650766609,0.0525,1,-0.0847806493109668,-0.1064899820341207,0.0560251566691786,0.0847806493109668,0.0023235306902696,-0.0025367366244325,0.0468768253922462,0.0023235306902697,-0.0025367366244325,1,1,0.008755492641788192,0.008755492641788192
NVDA,2026-Q1,2026-02-25 16:00:00,True,2026-02-25,0.012909632571996,0.003475670307845,0.0094339622641509,0.0094339622641509,0.4449804723262787,0.0783807411789894,0.3665997311472893,0.012909632571996,0.003475670307845,0.0094339622641509,0.0094339622641509,0.0532,1,-0.0545612407949546,-0.0640212504738394,0.0290577176851388,0.0545612407949546,-0.00078750281251,-0.00078750281251,-0.0711841955780983,-0.00078750281251,-0.00078750281251,0,0,0.0,0.0055035231098157986
PFE,2023-Q1,2023-01-31 06:00:00,False,2023-01-30,0.015841086245914,0.0207442796077445,0.0286648227307015,-0.0049031933618305,0.2318765968084335,0.1318158656358719,0.1000607311725616,0.015841086245914,0.0207442796077445,-0.0049031933618305,0.0286648227307015,0.094,1,0.0140067958054461,0.0048219187400717,0.0195941691560636,0.0140067958054461,0.0,0.0,0.0,0.0,0.0,0,0,0.0,-0.02
PFE,2023-Q2,2023-05-02 06:00:00,False,2023-05-01,0.0160878063449105,0.0263118328070966,0.034430912644715,-0.0102240264621861,0.2136821001768112,0.1503563970327377,0.0633257031440734,0.0160878063449105,0.0263118328070966,-0.0102240264621861,0.034430912644715,0.2468,1,-0.0038255386477344,-0.0137722889220282,0.0120754514479182,0.0038255386477344,-0.0053208331003556,0.0057660899140134,-0.0367350280284882,-0.0053208331003556,0.0057660899140135,0,1,-0.02,-0.02
PFE,2023-Q3,2023-08-01 06:00:00,False,2023-07-31,0.0169512966476913,0.0240354206198608,0.0302340290955091,-0.0070841239721695,0.2348571866750717,0.1261277794837951,0.1087294071912765,0.0169512966476913,0.0240354206198608,-0.0070841239721695,0.0302340290955091,0.1528,1,-0.0124792034466537,-0.0105376232714245,0.0147775066608414,0.0124792034466537,0.0031399024900166,-0.0041968835492058,0.045403704047203,0.0031399024900166,-0.0041968835492059,0,0,0.0,-0.02
PFE,2023-Q4,2023-10-31 06:00:00,False,2023-10-30,0.0164785260153107,0.032308291163877,0.0299727520435967,-0.0158297651485662,0.2108592689037323,0.171324998140335,0.0395342707633972,0.0164785260153107,0.032308291163877,-0.0158297651485662,0.0299727520435967,0.4996,1,0.0003273110827194,0.0206217695325871,0.0222004974202988,0.0003273110827194,-0.0087456411763967,-0.0002612770519123,-0.0691951364278792,-0.0087456411763967,-0.0002612770519124,0,0,0.0,-0.02
PFE,2024-Q1,2024-01-30 06:00:00,False,2024-01-29,0.0167200780270307,0.0310714783335655,0.029538804514421,-0.0143514003065347,0.1929391324520111,0.1587378978729248,0.0342012345790863,0.0167200780270307,0.0310714783335655,-0.0143514003065347,0.029538804514421,1.547,1,-0.0167395099189845,-0.0331149420240498,0.0189547565296758,0.0167395099189845,0.0014783648420314,-0.0004339475291757,-0.0053330361843109,0.0014783648420314,-0.0004339475291756,1,1,-0.02,-0.02
PFE,2024-Q2,2024-05-01 06:00:00,False,2024-04-30,0.0169685414680648,0.0263107721639656,0.0301239275500476,-0.0093422306959008,0.2161453515291214,0.1280294507741928,0.0881159007549285,0.0169685414680648,0.0263107721639656,-0.0093422306959008,0.0301239275500476,0.6011,1,0.0608897204826639,0.0839186735230724,0.0143393115693215,0.0608897204826639,0.0050091696106339,0.0005851230356265,0.0539146661758422,0.0050091696106339,0.0005851230356265,1,1,0.026550408913342403,0.026550408913342403
PFE,2024-Q3,2024-07-30 08:00:00,False,2024-07-29,0.0163217230355039,0.0265858993774188,0.0309607942116776,-0.0102641763419148,0.2085734754800796,0.1102165877819061,0.0983568876981735,0.0163217230355039,0.0265858993774188,-0.0102641763419148,0.0309607942116776,0.3019,1,0.0218099028826261,-0.0319010571079747,0.0168112346023298,0.0218099028826261,-0.0009219456460139,0.0008368666616299,0.0102409869432449,-0.0009219456460139,0.0008368666616299,1,1,-0.015001331719703699,-0.015001331719703699
PFE,2024-Q4,2024-10-29 06:00:00,False,2024-10-28,0.0143851508120649,0.0326372776488785,0.0269141531322505,-0.0182521268368136,0.204521432518959,0.139178842306137,0.0653425902128219,0.0143851508120649,0.0326372776488785,-0.0182521268368136,0.0269141531322505,0.7328,1,-0.0138601502258423,-0.0381151021141737,0.0149469693181691,0.0138601502258423,-0.0079879504948988,-0.0040466410794271,-0.0330142974853515,-0.0079879504948987,-0.004046641079427,0,0,0.0,-0.02
PFE,2025-Q1,2025-02-04 06:00:00,False,2025-02-03,0.0162077104642014,0.0303697875688434,0.0248623131392604,-0.014162077104642,0.1920902132987976,0.1500651985406875,0.04202501475811,0.0162077104642014,0.0303697875688434,-0.014162077104642,0.0248623131392604,0.372,1,-0.0125954692010805,-0.0125954692010805,0.0154482079171754,0.0125954692010805,0.0040900497321716,-0.00205183999299,-0.0233175754547119,0.0040900497321715,-0.0020518399929901,0,0,0.0,-0.02
PFE,2025-Q2,2025-04-29 06:00:00,False,2025-04-28,0.0172773875071198,0.0269603189671539,0.0328460224036453,-0.0096829314600341,0.1951046139001846,0.1336567252874374,0.0614478886127471,0.0172773875071198,0.0269603189671539,-0.0096829314600341,0.0328460224036453,0.3649,1,0.0321040979483099,0.0355747632644845,0.0240979869146044,0.0321040979483099,0.0044791456446079,0.0079837092643849,0.0194228738546371,0.0044791456446078,0.0079837092643849,1,1,-0.0119938889662945,-0.0119938889662945
PFE,2025-Q3,2025-08-05 06:00:00,False,2025-08-04,0.0179340028694404,0.0269010043041606,0.0315638450502152,-0.0089670014347202,0.2314805537462234,0.124961994588375,0.1065185591578483,0.0179340028694404,0.0269010043041606,-0.0089670014347202,0.0315638450502152,0.3594,1,0.0518487331527345,0.0446238876821014,0.0173337111940821,0.0518487331527345,0.0007159300253139,-0.0012821773534301,0.0450706705451012,0.0007159300253139,-0.0012821773534301,1,1,0.0145150219586524,0.0145150219586524
PFE,2025-Q4,2025-11-04 07:00:00,False,2025-11-03,0.0154199475065616,0.0272309711286089,0.03001968503937,-0.0118110236220472,0.2183594405651092,0.1648372709751129,0.0535221695899963,0.0154199475065616,0.0272309711286089,-0.0118110236220472,0.03001968503937,0.3743,1,-0.0145986248452792,0.0064667595451085,0.0265220649148506,0.0145986248452792,-0.002844022187327,-0.0015441600108451,-0.052996389567852,-0.002844022187327,-0.0015441600108451,0,0,0.0,-0.02
PFE,2026-Q1,2026-02-03 06:00:00,False,2026-02-02,0.0158128809092406,0.032119914346895,0.0286608466479986,-0.0163070334376544,0.1919427216053009,0.1610459089279174,0.0308968126773834,0.0158128809092406,0.032119914346895,-0.0163070334376544,0.0286608466479986,0.1618,1,-0.0333833231336207,0.0146286343541106,0.0124208335146227,0.0333833231336207,-0.0044960098156072,-0.0013588383913714,-0.0226253569126129,-0.0044960098156071,-0.0013588383913713,1,1,0.0009624896189979991,0.0009624896189979991
TSLA,2023-Q1,2023-01-25 16:00:00,True,2023-01-25,0.0035335689045936,0.0098939929328621,0.0162544169611307,-0.0063604240282685,0.0842428281903266,0.0629819110035896,0.021260917186737,0.0035335689045936,0.0098939929328621,-0.0063604240282685,0.0162544169611307,0.072,1,0.1096725915664733,0.2560410777652078,0.0663138855152899,0.1096725915664733,0.0,0.0,0.0,0.0,0.0,1,1,0.0233587060511834,0.0233587060511834
TSLA,2023-Q2,2023-04-19 16:00:00,True,2023-04-19,0.0069337442218798,0.0115562403697996,0.0177195685670261,-0.0046224961479198,0.0711719766259193,0.0865098685026168,-0.0153378918766975,0.0069337442218798,0.0115562403697996,-0.0046224961479198,0.0177195685670261,-0.0043,1,-0.0974582823059387,-0.1486239375500734,0.0385846222723271,0.0974582823059387,0.0017379278803487,0.0014651516058954,-0.0365988090634345,0.0017379278803486,0.0014651516058954,1,1,0.038873660033611604,0.038873660033611604
TSLA,2023-Q4,2023-10-18 16:00:00,True,2023-10-18,0.0110098709187547,0.0113895216400911,0.0117691723614274,-0.0003796507213363,0.3560601472854614,0.0956000611186027,0.2604600861668587,0.0110098709187547,0.0113895216400911,-0.0003796507213363,0.0117691723614274,-0.0981,0,-0.0930031018073377,-0.1246909321744667,0.0361283834571655,0.0930031018073377,0.0042428454265835,-0.0059503962055987,0.2757979780435561,0.0042428454265835,-0.0059503962055987,1,1,0.0368747183501722,0.0368747183501722
TSLA,2024-Q1,2024-01-24 16:00:00,True,2024-01-24,0.0103276353276353,0.0135327635327635,0.0113960113960113,-0.0032051282051282,0.3367370963096618,0.1321516633033752,0.2045854330062866,0.0103276353276353,0.0135327635327635,-0.0032051282051282,0.0113960113960113,-0.0409999999999999,0,-0.1212529313680481,-0.0988308153969939,0.0260635528410895,0.1212529313680481,-0.0028254774837918,-0.0003731609654161,-0.055874653160572,-0.0028254774837918,-0.000373160965416,1,1,0.0751893785269586,0.0751893785269586
TSLA,2024-Q2,2024-04-23 16:00:00,True,2024-04-23,0.0122610890732059,0.0151460512080778,0.0108186080057699,-0.0028849621348719,0.3553299903869629,0.1774745136499405,0.1778554767370224,0.0122610890732059,0.0151460512080778,-0.0028849621348719,0.0108186080057699,-0.0814,0,0.1206110940725275,0.2667957427259193,0.0366803510080913,0.1206110940725275,0.0003201660702562,-0.0005774033902413,-0.0267299562692641,0.0003201660702562,-0.0005774033902414,1,1,0.0639307430644362,0.0639307430644362
TSLA,2024-Q3,2026-04-22 16:00:00,True,2026-04-22,0.0260153968675338,0.0164587204672152,0.0151314043005043,0.0095566764003185,0.1890549659729004,0.0732743516564369,0.1157806143164634,0.0260153968675338,0.0164587204672152,0.0095566764003185,0.0151314043005043,0.1777,1,-0.0355861995752377,,0.0353270327324158,0.0355861995752377,0.0124416385351904,0.0043127962947343,-0.062074862420559,0.0124416385351905,0.0043127962947344,0,0,0.0,-0.019740833157178107
TSLA,2024-Q4,2024-10-23 16:00:00,True,2024-10-23,0.0167857142857142,0.0075,0.0085714285714285,0.0092857142857142,0.4544484913349151,0.0713721811771392,0.3830763101577759,0.0167857142857142,0.0075,0.0092857142857142,0.0085714285714285,0.2048999999999999,1,0.219190350702904,0.2054762234992355,0.0359784757033603,0.219190350702904,-0.0002709621146043,-0.0065599757290757,0.2672956958413124,-0.0002709621146042,-0.0065599757290758,1,0,0.0,0.1632118749995437
TSLA,2025-Q1,2025-01-29 16:00:00,True,2025-01-29,0.0152737752161383,0.0080691642651296,0.0072046109510086,0.0072046109510086,0.3893898725509643,0.0803302377462387,0.3090596348047256,0.0152737752161383,0.0080691642651296,0.0072046109510086,0.0072046109510086,-0.0483,0,0.0287329542544569,-0.0280904459119269,0.0514034519555149,0.0287329542544569,-0.0020811033347055,-0.0013668176204199,-0.0740166753530502,-0.0020811033347056,-0.0013668176204199,0,0,0.0,-0.02
TSLA,2025-Q2,2025-04-22 16:00:00,True,2025-04-22,0.01707779886148,0.0154965211891208,0.0117014547754585,0.0015812776723592,0.3389452397823334,0.0875461772084236,0.2513990625739097,0.01707779886148,0.0154965211891208,0.0015812776723592,0.0117014547754585,-0.3489,0,0.0536622440095612,0.2271714807802866,0.0820618451440935,0.0536622440095612,-0.0056233332786494,0.0044968438244498,-0.0576605722308158,-0.0056233332786493,0.0044968438244499,0,0,0.0,-0.02
TSLA,2025-Q3,2025-07-23 16:00:00,True,2025-07-23,0.0172467858262778,0.0137974286610222,0.0097209156475384,0.0034493571652555,0.3425811529159546,0.0859800353646278,0.2566011175513267,0.0172467858262778,0.0137974286610222,0.0034493571652555,0.0097209156475384,-0.0097,1,-0.0819702007630127,-0.0406542852806273,0.0404917448413518,0.0819702007630127,0.0018680794928962,-0.00198053912792,0.0052020549774169,0.0018680794928963,-0.0019805391279201,0,0,0.0,0.021478455921660904
TSLA,2025-Q4,2026-01-28 16:00:00,True,2026-01-28,0.0260035344609947,0.0191870739712193,0.018934612471598,0.0068164604897753,0.2283454090356826,0.075433149933815,0.1529122591018676,0.0260035344609947,0.0191870739712193,0.0068164604897753,0.018934612471598,0.1096,1,-0.0345338946636392,-0.0589857279782171,0.030434110150722,0.0345338946636392,0.0033671033245198,0.0092136968240596,-0.1036888584494591,0.0033671033245197,0.0092136968240596,0,0,0.0,-0.0159002154870828
TSLA,2026-Q1,2026-01-28 16:00:00,True,2026-01-28,0.0158533564528114,0.0136239782016348,0.0074312608372553,0.0022293782511766,0.3064615130424499,0.062278427183628,0.2441830858588218,0.0158533564528114,0.0136239782016348,0.0022293782511766,0.0074312608372553,0.1096,1,-0.0345338946636392,-0.0589857279782171,0.030434110150722,0.0345338946636392,-0.0045870822385987,-0.0115033516343427,0.0912708267569542,-0.0045870822385986,-0.0115033516343426,0,0,0.0,-0.0159002154870828
TSLA,2026-Q2,2026-04-22 16:00:00,True,2026-04-22,0.0135135135135135,0.0105105105105105,0.0081081081081081,0.003003003003003,0.3838360607624054,0.0336455218493938,0.3501905389130115,0.0135135135135135,0.0105105105105105,0.003003003003003,0.0081081081081081,0.1777,1,-0.0355861995752377,,0.0353270327324158,0.0355861995752377,0.0007736247518263,0.0006768472708527,0.1060074530541896,0.0007736247518263,0.0006768472708527,0,0,0.0,-0.019740833157178107
UNH,2023-Q1,2023-01-13 00:00:00,True,2023-01-13,0.0194528875379939,0.0109422492401215,0.0212765957446808,0.0085106382978723,0.4090492129325866,0.0642513558268547,0.3447978571057319,0.0194528875379939,0.0109422492401215,0.0085106382978723,0.0212765957446808,0.0,0,-0.0091713665540551,-0.007680276266448,0.014941883977294,0.0091713665540551,0.0,0.0,0.0,0.0,0.0,0,0,0.0,-0.02
UNH,2023-Q2,2023-04-14 00:00:00,True,2023-04-14,0.0167824074074074,0.0109953703703703,0.0202546296296296,0.005787037037037,0.4306315183639526,0.0708938613533973,0.3597376570105552,0.0167824074074074,0.0109953703703703,0.005787037037037,0.0202546296296296,0.0,0,-0.0125831339552138,-0.0546512477406886,0.0183000998050242,0.0125831339552138,-0.0027236012608353,-0.0010219661150511,0.0149397999048233,-0.0027236012608353,-0.0010219661150512,0,0,0.0,-0.02
UNH,2023-Q3,2023-07-14 00:00:00,True,2023-07-14,0.0174943566591422,0.0107223476297968,0.0197516930022573,0.0067720090293453,0.4276742339134216,0.0709521397948265,0.3567220941185951,0.0174943566591422,0.0107223476297968,0.0067720090293453,0.0197516930022573,0.0,0,0.0081431085818981,0.0548972458015463,0.027095981176303,0.0081431085818981,0.0009849719923083,-0.0005029366273723,-0.00301556289196,0.0009849719923083,-0.0005029366273722,0,0,0.0,-0.02
UNH,2023-Q4,2023-10-13 00:00:00,True,2023-10-13,0.0150501672240802,0.0105908584169453,0.0189520624303233,0.0044593088071348,0.4248199164867401,0.0887400284409523,0.3360798880457878,0.0150501672240802,0.0105908584169453,0.0044593088071348,0.0189520624303233,0.0,0,-0.0025397713741366,-0.0229327816146701,0.0132311881433668,0.0025397713741366,-0.0023127002222105,-0.0007996305719339,-0.0206422060728073,-0.0023127002222104,-0.000799630571934,0,0,0.0,-0.02
UNH,2024-Q1,2024-01-12 00:00:00,True,2024-01-12,0.0172619047619047,0.0125,0.0220238095238095,0.0047619047619047,0.4117785394191742,0.1025697290897369,0.3092088103294372,0.0172619047619047,0.0125,0.0047619047619047,0.0220238095238095,0.0,0,-0.0045252537154784,-0.0163372116751005,0.0157836582106399,0.0045252537154784,0.0003025959547698,0.0030717470934862,-0.0268710777163506,0.0003025959547698,0.0030717470934862,0,0,0.0,-0.02
UNH,2024-Q2,2024-04-16 00:00:00,True,2024-04-16,0.0114242193450114,0.038080731150038,0.0152322924600152,-0.0266565118050266,0.2908568382263183,0.1934570521116256,0.0973997861146926,0.0114242193450114,0.038080731150038,-0.0266565118050266,0.0152322924600152,0.0,0,0.0215402502039706,0.0368743540930106,0.0231189040370567,0.0215402502039706,-0.0314184165669313,-0.0067915170637943,-0.2118090242147446,-0.0314184165669314,-0.0067915170637942,1,1,-0.02,-0.02
UNH,2024-Q3,2024-07-16 00:00:00,True,2024-07-16,0.0097200622083981,0.0303265940902021,0.015163297045101,-0.020606531881804,0.294889360666275,0.1739507466554641,0.1209386140108108,0.0097200622083981,0.0303265940902021,-0.020606531881804,0.015163297045101,0.0,0,0.0444732012371667,0.0106218523400001,0.0228861430479837,0.0444732012371667,0.0060499799232226,-6.8995414914199e-05,0.0235388278961181,0.0060499799232226,-6.899541491414349e-05,1,1,0.001587058189182998,0.001587058189182998
UNH,2024-Q4,2024-10-15 00:00:00,True,2024-10-15,0.0114747131321716,0.0301742456438589,0.0165745856353591,-0.0186995325116872,0.2887341976165771,0.1504167318344116,0.1383174657821655,0.0114747131321716,0.0301742456438589,-0.0186995325116872,0.0165745856353591,0.0,0,0.0270543680376669,0.0243936835042108,0.0217859168507076,0.0270543680376669,0.0019069993701167,0.0014112885902581,0.0173788517713547,0.0019069993701168,0.001411288590258,1,1,-0.014731548813040701,-0.014731548813040701
UNH,2025-Q1,2025-01-16 00:00:00,True,2025-01-16,0.0142487046632124,0.0284974093264248,0.0151122625215889,-0.0142487046632124,0.3036841452121734,0.1184031218290329,0.1852810233831405,0.0142487046632124,0.0284974093264248,-0.0142487046632124,0.0151122625215889,0.0,0,-0.0016256328102815,0.0429307160110204,0.0328326590237817,0.0016256328102815,0.0044508278484748,-0.0014623231137702,0.046963557600975,0.0044508278484747,-0.0014623231137701,0,0,0.0,-0.02
UNH,2025-Q2,2025-04-17 00:00:00,True,2025-04-17,0.0152542372881355,0.0231638418079096,0.0225988700564971,-0.007909604519774,0.3281649649143219,0.1559469550848007,0.1722180098295211,0.0152542372881355,0.0231638418079096,-0.007909604519774,0.0225988700564971,0.0,0,-0.0633766126798828,-0.0781086669434274,0.057187366534151,0.0633766126798828,0.0063391001434384,0.0074866075349081,-0.0130630135536194,0.0063391001434384,0.0074866075349082,1,1,-0.013810753854268196,-0.013810753854268196
UNH,2025-Q3,2025-07-29 00:00:00,True,2025-07-29,0.0127807900852052,0.0189775367931835,0.0166537567776917,-0.0061967467079783,0.3503400981426239,0.2240930795669555,0.1262470185756683,0.0127807900852052,0.0189775367931835,-0.0061967467079783,0.0166537567776917,0.0,0,0.0190369798804573,-0.0385720985133231,0.0304138699834971,0.0190369798804573,0.0017128578117957,-0.0059451132788053,-0.0459709912538527,0.0017128578117957,-0.0059451132788054,0,0,0.0,-0.02
UNH,2025-Q4,2025-10-28 00:00:00,True,2025-10-28,0.0114598903836572,0.0174389636273044,0.0179372197309417,-0.0059790732436472,0.3040129840373993,0.2158777117729187,0.0881352722644805,0.0114598903836572,0.0174389636273044,-0.0059790732436472,0.0179372197309417,0.0,0,-0.034199684374058,-0.1006144596881668,0.0160986573273311,0.034199684374058,0.000217673464331,0.0012834629532499,-0.0381117463111878,0.000217673464331,0.0012834629532499,1,0,0.0,-0.0018989729532730981
UNH,2026-Q1,2026-01-27 00:00:00,True,2026-01-27,0.0144557823129251,0.0328798185941043,0.0110544217687074,-0.0184240362811791,0.3104782402515411,0.212065577507019,0.0984126627445221,0.0144557823129251,0.0328798185941043,-0.0184240362811791,0.0110544217687074,0.0,0,0.0400424192552435,0.0052351749098023,0.0485768831659305,0.0400424192552435,-0.0124449630375318,-0.0068827979622343,0.0102773904800416,-0.0124449630375318,-0.0068827979622342,1,1,-0.02,-0.02
UNH,2026-Q2,2026-04-21 00:00:00,True,2026-04-21,0.0188161505292042,0.0211681693453547,0.0145041160329282,-0.0023520188161505,0.2832497954368591,0.2123173624277115,0.0709324330091476,0.0188161505292042,0.0211681693453547,-0.0023520188161505,0.0145041160329282,0.0,0,0.021704514424695,,0.0325961118465162,0.021704514424695,0.0160720174650286,0.0034496942642207,-0.0274802297353744,0.0160720174650286,0.0034496942642207,1,1,-0.02,-0.02
XOM,2023-Q1,2023-01-31 06:00:00,False,2023-01-30,0.0209528560738338,0.0294337740084809,0.0104764280369169,-0.008480917934647,0.3681381940841675,0.1884552389383316,0.1796829551458358,0.0209528560738338,0.0294337740084809,-0.008480917934647,0.0104764280369169,0.0356999999999999,1,0.021574498313603,-0.0161149092302917,0.0209261955443204,0.021574498313603,0.0,0.0,0.0,0.0,0.0,1,1,-0.0193516972307174,-0.0193516972307174
XOM,2023-Q2,2023-04-28 06:00:00,False,2023-04-27,0.0150255754475703,0.0306905370843989,0.0137468030690537,-0.0156649616368286,0.2766462862491607,0.2054170370101928,0.0712292492389679,0.0150255754475703,0.0306905370843989,-0.0156649616368286,0.0137468030690537,0.0932,1,0.0129246841570585,-0.092356513302803,0.022508817498656,0.0129246841570585,-0.0071840437021815,0.0032703750321368,-0.1084537059068679,-0.0071840437021816,0.0032703750321367,0,0,0.0,-0.02
XOM,2023-Q3,2023-07-28 06:00:00,False,2023-07-27,0.0125133120340788,0.025825346112886,0.0114483493077742,-0.0133120340788072,0.2508661150932312,0.1804151535034179,0.0704509615898132,0.0125133120340788,0.025825346112886,-0.0133120340788072,0.0114483493077742,-0.0391,0,-0.0119522247936868,0.0161259280237832,0.017437435992765,0.0119522247936868,0.0023529275580213,-0.0022984537612795,-0.0007782876491546,0.0023529275580214,-0.0022984537612794,0,0,0.0,-0.02
XOM,2023-Q4,2023-10-27 03:00:00,False,2023-10-26,0.0134791454730417,0.025940996948118,0.0111902339776195,-0.0124618514750762,0.2536285519599914,0.1696057766675949,0.0840227752923965,0.0134791454730417,0.025940996948118,-0.0124618514750762,0.0111902339776195,-0.0382,0,-0.0190518132686467,0.0140335855613421,0.0218139504117835,0.0190518132686467,0.000850182603731,-0.0002581153301547,0.0135718137025832,0.0008501826037309,-0.0002581153301546,1,0,0.0,-0.02
XOM,2024-Q1,2024-02-02 06:00:00,False,2024-02-01,0.0179401993355481,0.0265780730897009,0.011517165005537,-0.0086378737541528,0.2811700701713562,0.1771002560853958,0.1040698140859603,0.0179401993355481,0.0265780730897009,-0.0086378737541528,0.011517165005537,0.1304,1,-0.0041019839577927,0.0154312117152856,0.0156086715698558,0.0041019839577927,0.0038239777209234,0.0003269310279175,0.0200470387935638,0.0038239777209234,0.0003269310279175,0,0,0.0,-0.02
XOM,2024-Q2,2024-04-26 04:00:00,False,2024-04-25,0.0193156732891832,0.0275938189845474,0.0129690949227373,-0.0082781456953642,0.287467896938324,0.1568693816661834,0.1305985152721405,0.0193156732891832,0.0275938189845474,-0.0082781456953642,0.0129690949227373,-0.0475,0,-0.027775473031442,-0.0419517249401419,0.0096035836890316,0.027775473031442,0.0003597280587886,0.0014519299172002,0.0265287011861801,0.0003597280587885,0.0014519299172002,1,1,-0.0018281106575895982,-0.0018281106575895982
XOM,2024-Q3,2024-08-02 06:00:00,False,2024-08-01,0.01742719559734,0.0181151112130245,0.013070396698005,-0.0006879156156844,0.2763355672359466,0.1152692735195159,0.1610662937164306,0.01742719559734,0.0181151112130245,-0.0006879156156844,0.013070396698005,0.0650999999999999,1,-0.0005985927845456,0.0080376528769368,0.0159291051536322,0.0005985927845456,0.0075902300796797,0.0001013017752677,0.0304677784442901,0.0075902300796797,0.0001013017752677,0,1,-0.02,-0.02
XOM,2024-Q4,2024-11-01 06:00:00,False,2024-10-31,0.0167700436480588,0.0186078566505858,0.0124052377670572,-0.0018378130025269,0.2912766933441162,0.1071041747927665,0.1841725185513496,0.0167700436480588,0.0186078566505858,-0.0018378130025269,0.0124052377670572,0.026,1,-0.01567042477132,0.03742090341342,0.0165656355873397,0.01567042477132,-0.0011498973868424,-0.0006651589309478,0.023106224834919,-0.0011498973868425,-0.0006651589309478,1,1,-0.02,-0.02
XOM,2025-Q1,2025-01-31 06:00:00,False,2025-01-30,0.0198451113262342,0.0239593417231364,0.0125847047434656,-0.0041142303969022,0.2639110386371612,0.1233774423599243,0.1405335962772369,0.0198451113262342,0.0239593417231364,-0.0041142303969022,0.0125847047434656,0.0787,1,-0.0250068197973375,-0.0104043147916717,0.0143483998495518,0.0250068197973375,-0.0022764173943753,0.0001794669764083,-0.0436389222741127,-0.0022764173943752,0.0001794669764084,1,1,-0.0093415800522143,-0.0093415800522143
XOM,2025-Q2,2025-05-02 06:00:00,False,2025-05-01,0.0180623973727422,0.0246305418719211,0.0128626163108921,-0.0065681444991789,0.2338540703058242,0.1345496177673339,0.0993044525384903,0.0180623973727422,0.0246305418719211,-0.0065681444991789,0.0128626163108921,0.0116,1,0.0040650582397982,0.0027415214115897,0.0311862089239614,0.0040650582397982,-0.0024539141022767,0.0002779115674265,-0.0412291437387466,-0.0024539141022767,0.0002779115674265,0,0,0.0,-0.02
XOM,2025-Q3,2025-08-01 06:00:00,False,2025-07-31,0.0167232819440815,0.0211654037104781,0.0117585576169323,-0.0044421217663966,0.2629165649414062,0.1347039937973022,0.128212571144104,0.0167232819440815,0.0211654037104781,-0.0044421217663966,0.0117585576169323,0.0493,1,-0.0179147038204328,-0.0509674269261562,0.0179071818322059,0.0179147038204328,0.0021260227327823,-0.0011040586939598,0.0289081186056137,0.0021260227327823,-0.0011040586939598,1,1,-0.0199924780117731,-0.0199924780117731
XOM,2025-Q4,2025-10-31 06:00:00,False,2025-10-30,0.0200051961548454,0.023122889062094,0.0109119251753702,-0.0031176929072486,0.2919879257678985,0.1351683139801025,0.156819611787796,0.0200051961548454,0.023122889062094,-0.0031176929072486,0.0109119251753702,0.0302999999999999,1,-0.0028773344271189,-0.0016566204834056,0.0146074172255478,0.0028773344271189,0.001324428859148,-0.000846632441562,0.0286070406436919,0.001324428859148,-0.000846632441562,0,0,0.0,-0.02
XOM,2026-Q1,2026-01-30 06:00:00,False,2026-01-29,0.0195988010145261,0.0246714318653447,0.0099146875720544,-0.0050726308508185,0.2530074417591095,0.1397783011198043,0.1132291406393051,0.0195988010145261,0.0246714318653447,-0.0050726308508185,0.0099146875720544,0.0112,1,0.0063339765697526,0.0396413574343656,0.0201290355912617,0.0063339765697526,-0.0019549379435698,-0.0009972376033157,-0.0435904711484908,-0.0019549379435699,-0.0009972376033158,0,0,0.0,-0.02
